<?xml version="1.0" encoding="UTF-8" standalone="no"?><customers><customer customerid="1000"><name>vasu</name><email>vasu@gmail.com</email><phonenumber>5656565656</phonenumber><password>vasu22</password></customer><customer customerid="1001"><name>deepu</name><email>deepu@gmail.com</email><phonenumber>8787878787</phonenumber><password>deepu22</password></customer><customer customerid="1002"><name>sri</name><email>sri@gmail.com</email><phonenumber>7676768787</phonenumber><password>sri22</password></customer><customer customerid="1003"><name>santhi</name><email>santhi@gmail.com</email><phonenumber>6565656565</phonenumber><password>santhi22</password></customer></customers>