<?xml version="1.0" encoding="UTF-8" standalone="no"?><rooms><room roomid="302"><roomtype>Ac</roomtype><price>1000</price><view>beautiful room with beach view  </view></room><room roomid="303"><roomtype>Ac</roomtype><price>1000</price><view>swimimg pool with beautiful view</view></room><room roomid="400"><roomtype>conference</roomtype><price>1500</price><view>all conference facilities are avaliable </view></room><room roomid="401"><roomtype>conference</roomtype><price>1500</price><view>best option for business conferences and meetings</view></room><room roomid="403"><roomtype>NONAC</roomtype><price>750</price><view>beach view</view></room><room roomid="501"><roomtype>NONAC</roomtype><price>750</price><view>every morning begins with beautiful sunrise</view></room><room roomid="600"><roomtype>banquet</roomtype><price>2000</price><view>for birthday,wedding ceremony,anniversary...etc</view></room></rooms>